city_id,city_name,latitude,longitude,date,temp,humidity,cloudiness,wind
2126682,Bilibino,68.05,166.44,08/11/20,38.32,82.0,85.0,1.05
3652764,Puerto Ayora,-0.74,-90.35,08/11/20,70.02,73.0,75.0,8.05
3683508,El Peñol,1.46,-77.45,08/11/20,75.2,50.0,40.0,6.93
3366880,Hermanus,-34.42,19.23,08/11/20,54.0,84.0,48.0,8.99
145531,Saurimo,-9.66,20.39,08/11/20,78.01,18.0,0.0,3.31
2155415,New Norfolk,-42.78,147.06,08/11/20,38.28,80.0,100.0,2.68
215976,Ilebo,-4.32,20.58,08/11/20,85.98,44.0,81.0,2.01
1529484,Kumul,42.8,93.45,08/11/20,79.99,29.0,97.0,3.13
1490085,Tarko-Sale,64.92,77.78,08/11/20,72.86,49.0,77.0,11.77
3430863,Mar del Plata,-38.0,-57.56,08/11/20,51.93,40.0,0.0,16.11
2692969,Malmo,55.61,13.0,08/11/20,72.39,64.0,0.0,6.93
3883457,Lebu,-37.62,-73.65,08/11/20,49.42,68.0,0.0,17.11
2030065,Mandalgovi,45.76,106.27,08/11/20,66.18,47.0,100.0,6.85
2075265,Busselton,-33.65,115.33,08/11/20,50.58,74.0,86.0,9.98
1254046,Tura,25.52,90.22,08/11/20,76.59,94.0,67.0,7.05
2071860,Esperance,-33.87,121.9,08/11/20,51.8,100.0,90.0,18.34
229268,Mbarara,-0.61,30.65,08/11/20,76.3,45.0,56.0,6.11
2163355,Hobart,-42.88,147.33,08/11/20,39.29,86.0,100.0,6.93
4020109,Atuona,-9.8,-139.03,08/11/20,78.04,71.0,13.0,16.15
408689,Lárdos,36.09,28.02,08/11/20,81.66,74.0,0.0,17.22
2023584,Imeni Poliny Osipenko,52.42,136.49,08/11/20,56.66,96.0,100.0,12.12
3424607,Tasiilaq,65.61,-37.64,08/11/20,46.4,75.0,40.0,10.29
2074865,Carnarvon,-24.87,113.63,08/11/20,66.2,68.0,90.0,9.17
6201424,Mataura,-46.19,168.86,08/11/20,43.0,95.0,96.0,3.04
546105,Nikolskoye,59.7,30.79,08/11/20,56.37,67.0,90.0,11.18
5855927,Hilo,19.73,-155.09,08/11/20,67.17,68.0,75.0,6.93
1259385,Port Blair,11.67,92.75,08/11/20,82.96,82.0,89.0,14.85
3571913,Marsh Harbour,26.54,-77.06,08/11/20,84.78,63.0,21.0,5.23
1497376,Nizhnyaya Tavda,57.67,66.17,08/11/20,60.13,89.0,99.0,12.86
5122534,Jamestown,42.1,-79.24,08/11/20,77.43,69.0,75.0,12.75
935215,Saint-Philippe,-21.36,55.77,08/11/20,57.56,63.0,20.0,9.17
4030556,Rikitea,-23.12,-134.97,08/11/20,70.68,69.0,36.0,22.17
1819729,Hong Kong,22.29,114.16,08/11/20,84.02,83.0,99.0,15.99
6255012,Flinders,-34.58,150.86,08/11/20,52.56,91.0,100.0,1.01
3902685,Eucaliptus,-17.58,-67.52,08/11/20,53.6,25.0,75.0,4.7
6113406,Prince Rupert,54.32,-130.32,08/11/20,53.6,93.0,75.0,2.24
610864,Khani,41.96,42.96,08/11/20,69.8,94.0,75.0,3.36
6165406,Thompson,55.74,-97.86,08/11/20,62.6,72.0,75.0,5.82
6167817,Torbay,47.67,-52.73,08/11/20,77.95,65.0,20.0,9.17
2129513,Shimokizukuri,40.81,140.39,08/11/20,78.01,88.0,56.0,8.01
5880054,Barrow,71.29,-156.79,08/11/20,46.4,93.0,75.0,13.87
777682,Skjervøy,70.03,20.97,08/11/20,57.2,67.0,95.0,4.7
2281951,Sassandra,4.95,-6.08,08/11/20,77.0,74.0,100.0,9.82
1513087,Nurota,40.56,65.69,08/11/20,78.8,21.0,0.0,4.7
3466165,Cidreira,-30.18,-50.21,08/11/20,54.41,66.0,91.0,11.77
6453316,Tromsø,69.65,18.96,08/11/20,55.4,71.0,99.0,4.7
1852357,Shimoda,34.67,138.95,08/11/20,81.25,88.0,6.0,13.06
2208248,Kaitangata,-46.28,169.85,08/11/20,44.01,83.0,100.0,1.99
3833367,Ushuaia,-54.8,-68.3,08/11/20,37.4,74.0,75.0,23.04
3374210,São Filipe,14.9,-24.5,08/11/20,76.87,78.0,22.0,12.19
5106841,Albany,42.6,-73.97,08/11/20,87.24,67.0,15.0,6.89
1649150,Bengkulu,-3.8,102.27,08/11/20,77.22,87.0,85.0,5.03
2654728,Bridlington,54.08,-0.19,08/11/20,74.61,61.0,0.0,9.17
1276901,Bārmer,25.75,71.38,08/11/20,86.74,71.0,87.0,18.52
2983011,Romans-sur-Isère,45.05,5.06,08/11/20,91.09,23.0,20.0,11.41
2015306,Tiksi,71.69,128.87,08/11/20,40.59,86.0,100.0,6.67
3407762,Amapá,1.0,-52.0,08/11/20,91.8,46.0,5.0,5.06
337405,Gambēla,8.25,34.58,08/11/20,75.49,87.0,97.0,1.66
1106677,Bambous Virieux,-20.34,57.76,08/11/20,67.55,49.0,40.0,5.82
601734,Daşoguz,41.84,59.97,08/11/20,78.8,41.0,0.0,6.93
5972291,Havre-St-Pierre,50.23,-63.6,08/11/20,78.8,65.0,1.0,9.17
1622318,Waingapu,-9.66,120.26,08/11/20,75.83,82.0,27.0,4.03
2065594,Mount Isa,-20.73,139.5,08/11/20,50.0,53.0,0.0,1.12
964432,Port Alfred,-33.59,26.89,08/11/20,60.66,72.0,0.0,21.68
3874787,Punta Arenas,-53.15,-70.92,08/11/20,37.2,86.0,75.0,28.86
3372964,Lagoa,39.05,-27.98,08/11/20,69.69,66.0,46.0,8.81
6170031,Tuktoyaktuk,69.45,-133.04,08/11/20,48.2,93.0,90.0,4.7
964420,Port Elizabeth,-33.92,25.57,08/11/20,59.0,77.0,0.0,23.04
3860443,Comodoro Rivadavia,-45.87,-67.5,08/11/20,57.2,35.0,54.0,23.04
1507390,Dikson,73.51,80.55,08/11/20,40.44,80.0,100.0,24.74
1337610,Thinadhoo,0.53,72.93,08/11/20,83.34,76.0,98.0,8.93
2136825,Isangel,-19.55,169.27,08/11/20,73.18,83.0,1.0,1.45
5848280,Kapaa,22.08,-159.32,08/11/20,74.19,74.0,75.0,12.75
2381334,Atar,20.52,-13.05,08/11/20,109.45,14.0,1.0,9.69
4791259,Virginia Beach,36.85,-75.98,08/11/20,89.4,59.0,75.0,9.17
3466704,Castro,-24.79,-50.01,08/11/20,76.15,38.0,0.0,7.18
1278935,Amalāpuram,16.58,82.02,08/11/20,82.4,69.0,75.0,8.05
3433899,Formosa,-26.18,-58.18,08/11/20,66.2,29.0,40.0,18.34
4566208,Maunabo,18.01,-65.9,08/11/20,87.98,78.0,88.0,8.01
3418910,Upernavik,72.79,-56.15,08/11/20,42.08,66.0,100.0,8.46
5546220,Saint George,37.1,-113.58,08/11/20,89.08,11.0,1.0,4.7
3421765,Nanortalik,60.14,-45.24,08/11/20,45.28,83.0,100.0,15.05
3369157,Cape Town,-33.93,18.42,08/11/20,54.84,66.0,75.0,11.41
5391791,San Clemente,33.43,-117.61,08/11/20,70.23,83.0,0.0,3.0
4032420,Neiafu,-18.65,-173.98,08/11/20,75.2,83.0,75.0,8.05
2126785,Belaya Gora,68.53,146.42,08/11/20,37.9,78.0,28.0,5.55
3684683,El Carmen,8.51,-73.45,08/11/20,81.77,70.0,69.0,1.92
1508894,Borovoy,55.43,86.08,08/11/20,71.6,73.0,1.0,4.47
2017155,Saskylakh,71.92,114.08,08/11/20,36.39,80.0,9.0,8.46
1789065,Ankang,32.68,109.02,08/11/20,77.95,79.0,100.0,2.13
3382160,Cayenne,4.93,-52.33,08/11/20,87.8,66.0,1.0,13.87
6096551,Pangnirtung,66.15,-65.71,08/11/20,46.4,81.0,20.0,16.11
1224061,Wattegama,6.8,81.48,08/11/20,79.18,70.0,79.0,5.48
1273083,Deoli,25.75,75.38,08/11/20,79.79,90.0,100.0,8.28
3865086,Bahía Blanca,-38.72,-62.27,08/11/20,52.07,43.0,0.0,14.67
4035715,Avarua,-21.21,-159.78,08/11/20,69.8,68.0,74.0,6.93
3141332,Røros,62.57,11.38,08/11/20,69.8,49.0,53.0,9.17
341877,Bodītī,6.97,37.87,08/11/20,61.14,86.0,91.0,2.3
1106643,Quatre Cocos,-20.21,57.76,08/11/20,67.32,49.0,40.0,5.82
2276492,Harper,4.38,-7.72,08/11/20,77.32,73.0,100.0,13.06
1714733,Dingle,11.0,122.67,08/11/20,77.11,84.0,100.0,4.12
1633419,Padang,-0.95,100.35,08/11/20,79.75,79.0,52.0,3.96
2447513,Arlit,18.74,7.39,08/11/20,91.09,38.0,26.0,8.1
2294915,Takoradze,4.88,-1.76,08/11/20,77.47,72.0,80.0,9.78
1796663,Bantou,26.22,117.49,08/11/20,75.09,84.0,99.0,1.45
2206939,Bluff,-46.6,168.33,08/11/20,43.0,95.0,66.0,9.1
1226260,Trincomalee,8.57,81.23,08/11/20,81.43,74.0,81.0,19.98
4032243,Vaini,-21.2,-175.2,08/11/20,71.6,83.0,40.0,5.82
1071296,Antalaha,-14.9,50.28,08/11/20,67.44,72.0,0.0,12.15
4036284,Alofi,-19.06,-169.92,08/11/20,71.6,78.0,53.0,12.75
2047258,Novyy Urgal,51.07,132.56,08/11/20,58.8,94.0,100.0,1.88
2174444,Bowen,-20.02,148.23,08/11/20,55.17,93.0,0.0,5.82
3437022,San Pedro del Paraná,-26.83,-56.2,08/11/20,63.95,45.0,45.0,14.99
2094342,Kavieng,-2.57,150.8,08/11/20,82.4,74.0,86.0,6.76
3361934,Saldanha,-33.01,17.94,08/11/20,57.2,67.0,51.0,2.24
5847411,Kahului,20.89,-156.47,08/11/20,76.48,69.0,40.0,14.99
2092164,Lorengau,-2.02,147.27,08/11/20,81.84,76.0,94.0,5.68
1282256,Hithadhoo,-0.6,73.08,08/11/20,82.72,78.0,100.0,11.52
5364271,Laguna,38.42,-121.42,08/11/20,69.48,60.0,1.0,12.75
88533,Awjilah,29.11,21.29,08/11/20,95.13,18.0,0.0,8.41
3372783,Ponta Delgada,37.73,-25.67,08/11/20,75.2,60.0,20.0,13.87
2126199,Cherskiy,68.75,161.3,08/11/20,41.16,72.0,97.0,1.14
3945985,Camaná,-16.62,-72.71,08/11/20,63.73,62.0,50.0,8.72
3843123,Neuquén,-38.95,-68.06,08/11/20,53.6,32.0,0.0,12.75
2281120,Tabou,4.42,-7.35,08/11/20,77.11,73.0,87.0,12.53
1269177,Jashpurnagar,22.9,84.15,08/11/20,75.83,92.0,100.0,8.75
3628473,San Cristobal,7.77,-72.22,08/11/20,89.6,49.0,40.0,6.93
1735106,George Town,5.41,100.34,08/11/20,82.2,88.0,40.0,6.93
3713959,Bocas del Toro,9.33,-82.25,08/11/20,75.0,57.0,91.0,12.77
2027296,Aykhal,66.0,111.5,08/11/20,46.4,93.0,75.0,4.47
1256823,Seoni Mālwa,22.45,77.47,08/11/20,77.13,91.0,100.0,8.95
3471451,Arraial do Cabo,-22.97,-42.03,08/11/20,82.87,57.0,0.0,19.46
3932145,Pisco,-13.7,-76.22,08/11/20,62.78,77.0,90.0,5.82
1625929,Sungai Penuh,-2.08,101.38,08/11/20,66.07,92.0,50.0,2.26
1265014,Latur,18.4,76.58,08/11/20,73.85,87.0,99.0,12.39
3839307,Rawson,-43.3,-65.1,08/11/20,54.46,40.0,13.0,26.75
1261853,Narasannapeta,18.42,84.05,08/11/20,82.87,82.0,100.0,5.68
1090415,Chirongui,-12.93,45.15,08/11/20,75.2,78.0,75.0,10.29
4031637,Lavrentiya,65.58,-171.0,08/11/20,49.1,83.0,13.0,3.76
1253237,Verāval,20.9,70.37,08/11/20,82.47,84.0,100.0,20.15
60019,Eyl,7.98,49.82,08/11/20,77.7,71.0,100.0,29.66
4987617,Cadillac,44.25,-85.4,08/11/20,77.0,38.0,40.0,12.75
376332,Doka,13.52,35.77,08/11/20,77.47,74.0,97.0,4.18
3533462,Acapulco de Juárez,16.86,-99.89,08/11/20,87.8,70.0,40.0,3.36
525426,Sobolevo,54.43,31.9,08/11/20,59.22,80.0,20.0,7.7
1499779,Malinovoye Ozero,51.68,79.78,08/11/20,68.9,52.0,45.0,0.4
2077895,Alice Springs,-23.7,133.88,08/11/20,57.2,82.0,9.0,8.63
3374120,Vila do Maio,15.13,-23.22,08/11/20,84.2,54.0,75.0,17.22
3464724,Diamantino,-14.41,-56.45,08/11/20,99.86,18.0,0.0,3.47
1015776,Bredasdorp,-34.53,20.04,08/11/20,57.2,67.0,48.0,14.99
3628267,San Joaquin,10.26,-67.79,08/11/20,84.16,58.0,62.0,3.44
372884,Kapoeta,4.77,33.59,08/11/20,81.82,54.0,53.0,5.61
4535414,Durant,33.99,-96.37,08/11/20,91.76,52.0,75.0,8.05
2206874,Waipawa,-41.41,175.52,08/11/20,50.9,87.0,82.0,26.4
2377457,Nouadhibou,20.93,-17.03,08/11/20,77.0,69.0,28.0,21.92
3421719,Narsaq,60.92,-46.05,08/11/20,44.6,70.0,75.0,5.82
1490256,Talnakh,69.49,88.4,08/11/20,55.4,93.0,17.0,13.42
1495812,Ous,60.91,61.52,08/11/20,52.09,81.0,97.0,5.06
5018739,Bloomington,44.84,-93.3,08/11/20,78.35,47.0,20.0,12.75
3393692,Itarema,-2.92,-39.92,08/11/20,85.77,51.0,43.0,20.18
2171099,Codrington,-38.27,141.97,08/11/20,48.72,91.0,90.0,12.3
4034551,Faanui,-16.48,-151.75,08/11/20,76.91,82.0,2.0,19.82
2179825,Waitati,-45.75,170.57,08/11/20,44.01,89.0,41.0,10.0
2122090,Pevek,69.7,170.31,08/11/20,36.72,85.0,98.0,8.03
1853371,Ryōtsu-minato,38.08,138.43,08/11/20,80.6,83.0,75.0,4.7
485215,Synya,65.37,58.04,08/11/20,43.23,92.0,72.0,4.76
2121385,Severo-Kuril'sk,50.68,156.12,08/11/20,50.99,91.0,100.0,15.59
2013279,Vostok,46.49,135.88,08/11/20,60.48,100.0,20.0,5.61
5282297,Bethel,41.37,-73.41,08/11/20,86.31,66.0,20.0,10.29
2122389,Ossora,59.24,163.07,08/11/20,54.91,90.0,77.0,7.34
933995,Souillac,-20.52,57.52,08/11/20,69.8,49.0,40.0,5.82
3832899,Viedma,-40.81,-63.0,08/11/20,55.0,38.0,0.0,5.99
1798713,Pingshan,22.99,114.71,08/11/20,79.81,87.0,100.0,5.53
1337607,Kudahuvadhoo,2.67,72.89,08/11/20,83.53,71.0,82.0,6.08
5712169,Baker City,44.77,-117.83,08/11/20,73.29,31.0,1.0,3.36
1529102,Ürümqi,43.8,87.6,08/11/20,80.6,34.0,16.0,6.71
2630299,Hofn,64.25,-15.21,08/11/20,53.55,94.0,100.0,9.24
2177069,Ballina,-28.87,153.57,08/11/20,52.0,93.0,40.0,1.12
3423146,Ilulissat,69.22,-51.1,08/11/20,48.2,36.0,20.0,23.04
6355222,Yulara,-25.24,130.99,08/11/20,60.8,59.0,0.0,9.17
7303783,Sydney Mines,46.24,-60.22,08/11/20,82.22,69.0,75.0,14.99
2070998,Geraldton,-28.77,114.6,08/11/20,55.4,93.0,75.0,8.05
3522923,Motzorongo,18.63,-96.73,08/11/20,72.12,91.0,100.0,5.08
3461370,Imbituba,-28.24,-48.67,08/11/20,66.2,55.0,100.0,19.46
1783934,Shangqiu,34.45,115.65,08/11/20,76.5,94.0,99.0,8.5
2381972,Adrar,20.5,-10.07,08/11/20,108.73,8.0,42.0,16.28
5367788,Lompoc,34.64,-120.46,08/11/20,57.47,87.0,90.0,7.2
1812955,Dezhou,37.45,116.29,08/11/20,78.98,80.0,40.0,2.73
3831208,Qaanaaq,77.48,-69.36,08/11/20,39.87,67.0,24.0,2.68
986717,Kruisfontein,-34.0,24.73,08/11/20,59.0,73.0,0.0,1.99
686090,Asău,46.43,26.4,08/11/20,68.0,75.0,75.0,2.44
2304548,Anloga,5.79,0.9,08/11/20,80.6,74.0,20.0,12.75
3386213,Touros,-5.2,-35.46,08/11/20,82.4,65.0,40.0,14.99
2911271,Hamelin,52.1,9.36,08/11/20,88.16,35.0,20.0,10.29
3699364,Bellavista,-7.06,-76.59,08/11/20,91.4,49.0,20.0,3.36
5866063,Kenai,60.55,-151.26,08/11/20,54.84,81.0,90.0,3.36
3576994,Cockburn Town,21.46,-71.14,08/11/20,87.8,66.0,40.0,12.75
3416888,Grindavik,63.84,-22.43,08/11/20,53.6,100.0,90.0,18.34
294801,Haifa,32.82,34.99,08/11/20,81.81,69.0,40.0,6.93
2137773,Vao,-22.67,167.48,08/11/20,68.67,76.0,20.0,19.08
3372707,Ribeira Grande,38.52,-28.7,08/11/20,77.0,53.0,20.0,12.75
1513491,Yangi Marg`ilon,40.43,71.72,08/11/20,78.8,50.0,0.0,4.7
262628,Eretria,38.4,23.8,08/11/20,83.44,23.0,20.0,5.82
2449893,Tessalit,20.2,1.01,08/11/20,99.9,24.0,95.0,16.11
3354071,Oranjemund,-28.55,16.43,08/11/20,56.41,85.0,5.0,12.91
2514651,Los Llanos de Aridane,28.66,-17.92,08/11/20,74.03,61.0,20.0,12.75
1855342,Nishihara,26.18,127.76,08/11/20,84.15,89.0,75.0,9.17
4978701,Skowhegan,44.77,-69.72,08/11/20,87.03,63.0,3.0,1.01
2206890,Masterton,-40.96,175.66,08/11/20,49.86,93.0,99.0,6.85
882100,Rusape,-18.53,32.13,08/11/20,56.66,44.0,5.0,6.26
2027044,Batagay,67.63,134.63,08/11/20,46.47,61.0,90.0,2.26
7117100,Vila,42.03,-8.16,08/11/20,77.0,66.0,60.0,13.0
1006984,East London,-33.02,27.91,08/11/20,64.18,64.0,0.0,16.67
4465088,Elizabeth City,36.29,-76.25,08/11/20,88.99,63.0,1.0,8.05
1516048,Khovd,48.01,91.64,08/11/20,67.53,43.0,94.0,4.43
2729907,Longyearbyen,78.22,15.64,08/11/20,48.2,76.0,75.0,3.36
5983720,Iqaluit,63.75,-68.51,08/11/20,59.0,38.0,40.0,16.11
1303406,Nyaunglebin,17.95,96.73,08/11/20,76.89,93.0,100.0,4.74
3464255,Encruzilhada do Sul,-30.54,-52.52,08/11/20,44.82,86.0,100.0,1.36
1214882,Kisaran,2.98,99.62,08/11/20,76.48,96.0,100.0,3.09
1293960,Taunggyi,20.78,97.03,08/11/20,63.81,100.0,88.0,4.97
103630,Najrān,17.49,44.13,08/11/20,93.2,15.0,40.0,6.93
5866583,Saint Paul Harbor,57.79,-152.41,08/11/20,53.6,76.0,1.0,4.09
4034496,Fare,-16.7,-151.02,08/11/20,77.52,82.0,16.0,21.52
2395170,Benin,9.5,2.25,08/11/20,76.42,87.0,95.0,5.46
2108857,Gizo Government Station,-8.1,156.84,08/11/20,79.43,77.0,96.0,5.73
57000,Hobyo,5.35,48.53,08/11/20,76.06,80.0,58.0,26.17
6185377,Yellowknife,62.46,-114.35,08/11/20,63.01,72.0,75.0,11.41
6078372,Moose Factory,51.26,-80.61,08/11/20,75.2,60.0,1.0,11.41
3465487,Coromandel,-18.47,-47.2,08/11/20,84.85,29.0,10.0,1.63
2022773,Khandyga,62.67,135.6,08/11/20,48.22,66.0,2.0,1.05
365742,Torit,4.41,32.57,08/11/20,74.66,78.0,10.0,2.1
1082243,Ambilobe,-13.2,49.05,08/11/20,70.41,76.0,65.0,3.69
3380290,Sinnamary,5.38,-52.95,08/11/20,85.59,67.0,5.0,12.84
3671519,Puerto Carreño,6.19,-67.49,08/11/20,87.8,58.0,40.0,6.93
515805,Oktyabr'skoye,43.06,44.74,08/11/20,66.2,93.0,40.0,4.47
1633070,Palembang,-2.92,104.75,08/11/20,76.86,90.0,64.0,5.7
4021858,Guerrero Negro,27.98,-114.06,08/11/20,81.88,42.0,0.0,6.49
2264557,Ponta do Sol,32.67,-17.1,08/11/20,71.01,68.0,57.0,1.97
1162316,Yazman,29.12,71.74,08/11/20,99.88,36.0,67.0,17.92
3393922,Nísia Floresta,-6.09,-35.21,08/11/20,83.3,62.0,40.0,17.22
2125693,Evensk,61.95,159.23,08/11/20,51.46,91.0,100.0,5.14
2548885,Fes,34.04,-5.0,08/11/20,86.0,51.0,75.0,10.29
86049,Jalu,29.03,21.55,08/11/20,95.58,18.0,0.0,9.55
463355,Zheleznodorozhnyy,55.75,38.0,08/11/20,60.82,59.0,35.0,11.18
921786,Mitsamiouli,-11.38,43.28,08/11/20,77.0,73.0,20.0,5.82
2426370,Umm Hājar,13.3,19.7,08/11/20,86.27,62.0,71.0,2.46
3175096,Laas,46.62,10.7,08/11/20,80.55,42.0,40.0,8.05
3450909,Rondonópolis,-16.47,-54.64,08/11/20,101.7,15.0,0.0,2.64
1073482,Anjozorobe,-18.4,47.87,08/11/20,55.4,66.0,20.0,8.05
290030,Doha,25.29,51.53,08/11/20,95.97,41.0,9.0,12.75
1640902,Kawalu,-7.38,108.21,08/11/20,72.25,91.0,98.0,2.21
7117228,Caesarea,32.52,34.9,08/11/20,81.7,69.0,40.0,6.93
3882582,Loncoche,-39.37,-72.63,08/11/20,44.33,100.0,90.0,2.24
473263,Vizinga,61.07,50.1,08/11/20,51.75,78.0,53.0,3.58
2128072,Shiraoi,42.55,141.35,08/11/20,72.55,100.0,75.0,1.12
3577430,Road Town,18.42,-64.62,08/11/20,87.94,62.0,40.0,11.41
3137469,Sørland,67.67,12.69,08/11/20,57.2,87.0,75.0,8.05
7671223,Kloulklubed,7.04,134.26,08/11/20,78.8,88.0,75.0,4.7
4080555,Northport,33.23,-87.58,08/11/20,92.32,59.0,1.0,3.94
1266540,Kilvelur,10.77,79.74,08/11/20,83.52,70.0,20.0,9.44
2028164,Deputatsky,69.3,139.9,08/11/20,29.73,98.0,70.0,1.97
2953458,Bad Freienwalde,52.79,14.03,08/11/20,85.01,42.0,0.0,3.0
145724,Lucapa,-8.42,20.74,08/11/20,79.54,18.0,0.0,3.18
2093967,Kimbe,-5.55,150.14,08/11/20,75.15,88.0,82.0,3.8
2123814,Leningradskiy,69.38,178.42,08/11/20,37.78,86.0,97.0,1.99
3460107,Jaraguá,-15.76,-49.33,08/11/20,91.06,20.0,0.0,5.17
1801792,Luoyang,34.68,112.45,08/11/20,82.99,99.0,88.0,3.96
2036069,Linjiang,41.81,126.91,08/11/20,64.81,87.0,0.0,2.37
1651103,Atambua,-9.11,124.89,08/11/20,69.93,85.0,7.0,4.21
1651810,Airai,-8.93,125.41,08/11/20,57.63,94.0,4.0,1.25
3985710,Cabo San Lucas,22.89,-109.91,08/11/20,87.44,70.0,20.0,16.11
2110227,Butaritari,3.07,172.79,08/11/20,81.57,78.0,20.0,12.8
161218,Bariadi,-2.8,33.98,08/11/20,73.99,50.0,15.0,8.43
2980080,Saint-François,46.42,3.91,08/11/20,97.36,25.0,30.0,4.7
1267390,Kavaratti,10.57,72.64,08/11/20,82.06,76.0,79.0,16.51
2992292,Montluçon,46.33,2.6,08/11/20,93.0,38.0,53.0,5.32
3125287,Cervo,43.67,-7.41,08/11/20,68.02,91.0,93.0,5.7
5545269,Price,39.6,-110.81,08/11/20,82.4,12.0,1.0,3.36
2138555,Poum,-20.23,164.02,08/11/20,70.32,71.0,0.0,14.36
1214026,Sabang,5.89,95.32,08/11/20,83.7,79.0,86.0,17.87
4560349,Philadelphia,39.95,-75.16,08/11/20,88.48,62.0,75.0,10.29
2067119,Mandurah,-32.55,115.7,08/11/20,57.0,74.0,85.0,15.46
3921141,Charagua,-19.8,-63.22,08/11/20,71.44,37.0,89.0,10.45
4031574,Provideniya,64.38,-173.3,08/11/20,49.48,85.0,99.0,6.24
1737185,Kapit,2.02,112.93,08/11/20,75.87,93.0,97.0,1.7
3988086,Saltillo,25.42,-101.0,08/11/20,74.03,36.0,5.0,5.82
4500920,Brigantine,39.41,-74.36,08/11/20,81.36,62.0,20.0,11.41
415189,Aden,12.78,45.04,08/11/20,89.44,62.0,25.0,8.28
110690,Faya,18.39,42.45,08/11/20,73.4,78.0,40.0,4.0
2127202,Anadyr,64.75,177.48,08/11/20,51.35,93.0,49.0,8.95
1494482,Polunochnoye,60.87,60.42,08/11/20,56.43,65.0,72.0,5.84
1040938,Manjacaze,-24.71,33.88,08/11/20,64.36,62.0,0.0,7.38
2638664,Salisbury,51.07,-1.8,08/11/20,89.56,38.0,15.0,9.17
8079926,Labuhan,-6.88,112.21,08/11/20,77.49,86.0,67.0,9.86
2177233,Bairnsdale,-37.83,147.62,08/11/20,48.99,81.0,100.0,4.27
2455216,Kita,13.03,-9.49,08/11/20,81.95,77.0,100.0,6.4
3448903,São João da Barra,-21.64,-41.05,08/11/20,82.4,48.0,0.0,13.87
2126710,Beringovskiy,63.05,179.32,08/11/20,48.43,84.0,50.0,8.25
3445026,Vila Velha,-20.33,-40.29,08/11/20,79.86,61.0,20.0,13.87
2618795,Klaksvík,62.23,-6.59,08/11/20,55.4,87.0,60.0,13.87
1506260,Gornyak,50.99,81.47,08/11/20,70.38,54.0,79.0,18.45
556268,Ostrovnoy,68.05,39.51,08/11/20,50.27,89.0,90.0,9.48
2021980,Klyuchevskiy,53.53,119.45,08/11/20,52.52,87.0,53.0,3.24
1159362,Torbat-e Jām,35.24,60.62,08/11/20,78.96,21.0,0.0,11.92
2450173,Taoudenni,22.68,-3.98,08/11/20,113.07,9.0,5.0,12.46
2194098,Ahipara,-35.17,173.17,08/11/20,56.8,90.0,98.0,27.29
1591474,Bac Lieu,9.29,105.72,08/11/20,81.37,85.0,63.0,8.9
4845585,Westport,41.14,-73.36,08/11/20,86.95,62.0,1.0,11.41
2669047,Timrå,62.49,17.33,08/11/20,63.68,67.0,78.0,10.29
1516589,Zhezkazgan,47.8,67.71,08/11/20,62.6,63.0,39.0,11.18
1637001,Luwuk,-0.95,122.79,08/11/20,77.9,77.0,70.0,3.6
72181,Marzuq,14.4,46.47,08/11/20,92.34,21.0,88.0,11.18
5855051,‘Ewa Beach,21.32,-158.01,08/11/20,74.07,73.0,1.0,3.36
478996,Uni,57.75,51.49,08/11/20,53.92,78.0,48.0,5.14
4013679,Coahuayana Viejo,18.73,-103.68,08/11/20,86.0,70.0,40.0,3.31
471501,Vostochnyy,55.82,37.87,08/11/20,59.59,76.0,75.0,11.18
2778455,Gloggnitz,47.67,15.94,08/11/20,68.61,85.0,99.0,1.99
2180815,Tuatapere,-46.13,167.68,08/11/20,43.0,95.0,89.0,7.72
1784841,Zhaotong,27.32,103.72,08/11/20,65.82,90.0,100.0,2.86
2173911,Broken Hill,-31.95,141.43,08/11/20,51.8,87.0,75.0,10.29
3904906,Santa Cruz de la Sierra,-17.8,-63.17,08/11/20,74.3,73.0,75.0,4.7
3354077,Opuwo,-18.06,13.84,08/11/20,70.5,23.0,1.0,6.82
483019,Tikhvin,59.65,33.53,08/11/20,54.97,91.0,100.0,9.37
3864331,Bell Ville,-32.63,-62.69,08/11/20,57.06,18.0,19.0,1.99
3931137,Putina,-15.47,-69.43,08/11/20,49.87,47.0,15.0,7.09
536156,Leninsk,48.71,45.2,08/11/20,73.4,35.0,17.0,6.71
1052944,Angoche,-16.23,39.91,08/11/20,72.25,76.0,4.0,10.02
3622716,Nicoya,10.15,-85.45,08/11/20,86.0,70.0,40.0,3.36
5563839,Fortuna,40.6,-124.16,08/11/20,56.25,90.0,0.0,1.01
2189343,Kaeo,-35.1,173.78,08/11/20,55.0,3.0,95.0,13.0
2255542,Owando,-0.48,15.9,08/11/20,84.07,52.0,76.0,2.19
5134295,Rome,43.21,-75.46,08/11/20,88.11,46.0,1.0,12.75
1488206,Ust'-Ishim,57.69,71.17,08/11/20,61.34,94.0,45.0,3.83
2063042,Port Hedland,-20.32,118.57,08/11/20,64.4,82.0,5.0,9.17
1729469,Baculin,7.45,126.58,08/11/20,78.51,77.0,99.0,4.54
320369,Burhaniye,39.5,26.97,08/11/20,86.0,30.0,0.0,17.22
1045114,Inhambane,-23.86,35.38,08/11/20,69.39,68.0,20.0,5.82
3461888,Guarapari,-20.67,-40.5,08/11/20,79.86,61.0,20.0,13.87
933734,Gweta,-20.18,25.23,08/11/20,72.7,20.0,0.0,8.72
1235846,Matara,5.95,80.54,08/11/20,78.73,86.0,22.0,11.07
3381538,Grand-Santi,4.25,-54.38,08/11/20,92.95,42.0,2.0,4.59
4026082,Lázaro Cárdenas,17.96,-102.2,08/11/20,89.74,60.0,98.0,1.79
2212775,Sabha,27.04,14.43,08/11/20,103.19,11.0,73.0,7.2
3579925,St. George's,12.06,-61.75,08/11/20,87.8,74.0,40.0,14.94
1847947,Shingū,33.73,135.98,08/11/20,78.55,81.0,0.0,6.69
3003481,Le Mée-sur-Seine,48.53,2.63,08/11/20,76.51,65.0,32.0,4.7
3984997,San Quintín,30.48,-115.95,08/11/20,74.77,62.0,0.0,9.44
3625929,Tucupita,9.06,-62.05,08/11/20,82.78,81.0,100.0,5.03
3427761,Tigre,-34.43,-58.58,08/11/20,54.12,27.0,0.0,10.29
2400547,Gamba,-2.65,10.0,08/11/20,75.22,78.0,33.0,11.81
935214,Saint-Pierre,-21.34,55.48,08/11/20,58.24,63.0,20.0,9.17
739914,Şebinkarahisar,40.29,38.42,08/11/20,61.77,68.0,15.0,4.85
2297810,Mumford,5.26,-0.76,08/11/20,76.03,79.0,71.0,10.02
3995236,Mulegé,26.88,-111.98,08/11/20,90.3,56.0,0.0,5.91
2022572,Khatanga,71.97,102.5,08/11/20,36.19,80.0,56.0,6.24
3155152,Gravdal,68.12,13.5,08/11/20,60.8,77.0,100.0,5.82
3869716,Tocopilla,-22.09,-70.2,08/11/20,65.8,45.0,6.0,3.36
778707,Mehamn,71.04,27.85,08/11/20,50.0,81.0,75.0,4.7
2022304,Khorinsk,52.17,109.77,08/11/20,57.61,85.0,12.0,1.83
1270287,Harpanahalli,14.8,75.98,08/11/20,72.68,87.0,96.0,14.03
1033356,Nampula,-15.12,39.27,08/11/20,68.14,77.0,90.0,8.59
2112802,Hasaki,35.73,140.83,08/11/20,81.79,83.0,20.0,5.82
2032614,Baruun-Urt,46.68,113.28,08/11/20,58.14,81.0,79.0,4.25
1489656,Teya,60.38,92.63,08/11/20,63.72,59.0,19.0,2.8
2720501,Borås,57.72,12.94,08/11/20,73.69,50.0,85.0,3.36
3403687,Camocim,-2.9,-40.84,08/11/20,91.18,39.0,62.0,14.92
1626493,Srandakan,-7.94,110.25,08/11/20,74.86,93.0,99.0,7.18
878400,Kigonsera,-10.8,35.05,08/11/20,73.4,46.0,20.0,5.82
5955902,Fort Nelson,58.81,-122.7,08/11/20,53.6,71.0,90.0,5.82
4920986,Griffith,41.53,-87.42,08/11/20,77.41,61.0,75.0,3.36
2234663,Batouri,4.43,14.37,08/11/20,74.53,86.0,81.0,2.64
5110365,Broome,42.25,-75.83,08/11/20,86.11,51.0,40.0,13.87
4944903,Nantucket,41.28,-70.1,08/11/20,80.31,78.0,40.0,11.41
3550598,Las Tunas,20.96,-76.95,08/11/20,91.4,55.0,40.0,17.22
3115824,Muros,42.78,-9.06,08/11/20,72.0,77.0,63.0,10.0
2025630,Chara,56.91,118.26,08/11/20,57.07,71.0,1.0,2.17
1788852,Xining,36.62,101.77,08/11/20,57.43,78.0,97.0,1.03
964712,Plettenberg Bay,-34.05,23.37,08/11/20,58.78,63.0,45.0,15.3
778362,Øksfjord,70.24,22.35,08/11/20,58.12,62.0,100.0,9.17
3397963,Itamaracá,-7.75,-34.83,08/11/20,82.4,61.0,40.0,13.87
740263,Samsun Province,41.25,36.33,08/11/20,77.0,73.0,20.0,13.87
5895424,Bay Roberts,47.6,-53.26,08/11/20,80.49,65.0,20.0,9.17
1734705,Kuala Terengganu,5.33,103.14,08/11/20,75.11,94.0,40.0,8.05
5850554,Makakilo City,21.35,-158.09,08/11/20,73.92,73.0,1.0,3.36
5924351,Clyde River,70.47,-68.59,08/11/20,42.8,87.0,75.0,14.99
1502073,Krasnosel'kup,65.7,82.47,08/11/20,69.49,61.0,76.0,11.56
1151253,Phuket,8.0,98.25,08/11/20,84.61,83.0,20.0,5.82
5838199,Sheridan,44.83,-106.92,08/11/20,82.81,24.0,1.0,3.36
1024312,Mocuba,-16.84,36.99,08/11/20,65.71,79.0,11.0,5.68
5919850,Chapais,49.78,-74.85,08/11/20,66.2,93.0,90.0,9.17
1510377,Belyy Yar,53.6,91.39,08/11/20,60.8,77.0,0.0,1.3
2079582,Alyangula,-13.85,136.42,08/11/20,59.0,93.0,38.0,3.36
4031742,Egvekinot,66.32,-179.17,08/11/20,49.32,92.0,81.0,5.23
3653967,Muisne,0.6,-80.03,08/11/20,78.8,78.0,75.0,9.17
2636790,Stornoway,58.21,-6.39,08/11/20,66.7,82.0,20.0,4.7
1804979,Juegang,32.32,121.19,08/11/20,80.69,84.0,63.0,7.25
128234,Kerman,30.28,57.08,08/11/20,87.8,14.0,0.0,13.87
2015913,Suntar,62.14,117.63,08/11/20,51.71,97.0,31.0,5.21
2527087,Tiznit Province,29.58,-9.5,08/11/20,80.58,48.0,0.0,8.19
1337617,Muli,2.92,73.57,08/11/20,83.32,72.0,73.0,5.55
2757220,Den Helder,52.96,4.76,08/11/20,87.57,66.0,40.0,8.05
2236967,Soyo,-6.13,12.37,08/11/20,71.6,78.0,8.0,6.93
70979,Sayyan,15.17,44.32,08/11/20,71.37,34.0,89.0,11.5
3450083,Santa Maria,-29.68,-53.81,08/11/20,49.24,64.0,100.0,5.79
4734909,Sulphur Springs,33.14,-95.6,08/11/20,92.59,52.0,1.0,11.41
2015352,Terney,45.05,136.61,08/11/20,66.97,84.0,20.0,6.06
2714903,Finspång,58.71,15.77,08/11/20,72.19,56.0,47.0,10.29
3354876,Okakarara,-20.58,17.43,08/11/20,66.36,25.0,0.0,2.84
3836669,San Rafael,-34.62,-68.33,08/11/20,51.82,33.0,0.0,13.89
3355672,Lüderitz,-26.65,15.16,08/11/20,58.95,71.0,0.0,25.21
1808106,Hongjiang,27.11,110.0,08/11/20,78.46,88.0,100.0,2.91
3395981,Maceió,-9.67,-35.74,08/11/20,80.6,57.0,75.0,10.29
2263905,Ribeira Brava,32.65,-17.07,08/11/20,70.95,82.0,57.0,1.99
200308,Sotik Post,-0.78,35.34,08/11/20,59.07,85.0,65.0,4.18
490213,Sosnovo,60.55,30.21,08/11/20,57.33,68.0,82.0,6.69
296852,Erzin,36.96,36.2,08/11/20,82.0,81.0,40.0,1.99
3440777,Rocha,-34.48,-54.33,08/11/20,50.63,48.0,0.0,11.97
2269594,Cascais,38.7,-9.42,08/11/20,68.63,82.0,75.0,13.87
1272783,Dhemāji,27.48,94.58,08/11/20,77.83,92.0,99.0,4.23
3680090,Juradó,7.11,-77.76,08/11/20,82.51,82.0,96.0,5.73
1540711,Muravlenko,63.79,74.52,08/11/20,69.13,57.0,40.0,9.13
517897,Novospasskoye,53.15,47.75,08/11/20,60.08,66.0,31.0,2.84
2524181,Melito di Porto Salvo,37.92,15.77,08/11/20,79.54,71.0,16.0,4.0
777019,Vardø,70.37,31.11,08/11/20,50.0,76.0,75.0,13.87
1521762,Kurchum,48.57,83.65,08/11/20,75.15,42.0,53.0,3.02
1273690,Bagru,26.81,75.54,08/11/20,78.8,100.0,75.0,2.24
3443061,Chui,-33.7,-53.46,08/11/20,52.07,47.0,0.0,9.01
3430443,Necochea,-38.55,-58.74,08/11/20,51.01,56.0,12.0,8.99
1168700,Ormara,25.21,64.64,08/11/20,85.44,85.0,94.0,18.07
2186111,Ngunguru,-35.62,174.5,08/11/20,55.0,3.0,99.0,13.0
3870282,Talcahuano,-36.72,-73.12,08/11/20,53.6,50.0,0.0,16.11
2120048,Ust-Nera,64.57,143.2,08/11/20,43.7,76.0,98.0,4.97
1626703,Soe,-9.86,124.28,08/11/20,62.44,94.0,14.0,4.14
476062,Velikiy Ustyug,60.76,46.31,08/11/20,57.87,72.0,93.0,5.12
3357114,Grootfontein,-19.57,18.12,08/11/20,65.52,26.0,5.0,5.79
3374333,Praia,14.92,-23.51,08/11/20,84.2,54.0,75.0,17.22
4684904,Dallas,32.77,-96.78,08/11/20,91.72,52.0,20.0,9.17
3899695,Ancud,-41.87,-73.82,08/11/20,43.12,100.0,20.0,5.82
2253354,Dakar,14.69,-17.44,08/11/20,87.8,62.0,51.0,9.17
2444995,Filingué,14.35,3.32,08/11/20,84.09,62.0,100.0,14.23
2147381,Taree,-31.9,152.47,08/11/20,48.52,93.0,99.0,3.51
3489657,Lucea,18.45,-78.17,08/11/20,88.23,66.0,40.0,16.11
3836277,Santa Fe,-31.63,-60.7,08/11/20,58.8,20.0,1.0,3.0
2303611,Esim,4.87,-2.24,08/11/20,77.4,72.0,97.0,8.81
1162868,Usta Muhammad,28.18,68.04,08/11/20,100.18,42.0,70.0,14.74
3868308,Vicuña,-30.03,-70.71,08/11/20,57.2,71.0,40.0,13.87
2136150,Luganville,-15.53,167.17,08/11/20,75.45,79.0,64.0,4.07
2890314,Kirn,49.78,7.45,08/11/20,82.98,35.0,20.0,10.29
3374083,Bathsheba,13.22,-59.52,08/11/20,87.8,70.0,40.0,21.92
5557293,Sitka,57.05,-135.33,08/11/20,51.8,93.0,20.0,2.64
1695736,Panalingaan,8.78,117.42,08/11/20,79.38,76.0,100.0,4.52
889942,Hwange,-18.37,26.5,08/11/20,70.65,23.0,0.0,3.49
4047434,Russell,32.35,-85.2,08/11/20,86.11,70.0,40.0,4.7
3392731,Paulo Ramos,-4.22,-45.18,08/11/20,95.86,30.0,0.0,6.29
3451138,Rio Grande,-32.03,-52.1,08/11/20,54.68,43.0,40.0,11.41
3985168,San Patricio,19.22,-104.7,08/11/20,93.2,63.0,20.0,5.82
1028918,Pemba,-12.97,40.52,08/11/20,75.11,83.0,40.0,9.17
3467684,Campos do Jordão,-22.74,-45.59,08/11/20,82.38,26.0,8.0,4.7
2121025,Srednekolymsk,67.45,153.68,08/11/20,42.82,70.0,99.0,10.56
3664659,Carauari,-4.88,-66.9,08/11/20,98.31,35.0,5.0,2.46
2126123,Chokurdakh,70.63,147.92,08/11/20,41.7,67.0,89.0,3.31
1856392,Muroto-misakicho,33.28,134.15,08/11/20,82.42,82.0,6.0,4.61
2458624,Diré,12.28,-10.97,08/11/20,84.52,78.0,100.0,3.94
3422683,Kangaatsiaq,68.31,-53.46,08/11/20,43.93,67.0,95.0,13.4
934649,Cap Malheureux,-19.98,57.61,08/11/20,64.99,63.0,58.0,5.01
2272491,Zwedru,6.07,-8.13,08/11/20,75.67,90.0,100.0,2.73
3430545,Morón,-34.65,-58.62,08/11/20,56.32,22.0,0.0,4.0
4158758,Hobe Sound,27.06,-80.14,08/11/20,89.51,62.0,40.0,9.17
2082539,Merauke,-8.47,140.33,08/11/20,76.62,90.0,98.0,11.88
2109528,Buala,-8.14,159.59,08/11/20,79.09,81.0,87.0,6.15
2025456,Chernyshevskiy,63.01,112.47,08/11/20,48.85,98.0,66.0,3.27
2062276,Roebourne,-20.78,117.13,08/11/20,65.82,69.0,0.0,13.96
5577147,Fort Collins,40.59,-105.08,08/11/20,82.98,39.0,1.0,4.7
155285,Mahanje,-9.93,35.33,08/11/20,66.29,48.0,9.0,0.89
2181625,Te Anau,-45.42,167.72,08/11/20,37.89,86.0,92.0,1.12
3670745,Riohacha,11.54,-72.91,08/11/20,91.76,53.0,83.0,16.15
505154,Pristen',51.24,36.7,08/11/20,67.64,82.0,75.0,2.24
1732826,Mersing,2.43,103.84,08/11/20,78.8,94.0,39.0,4.7
2645291,Kirkconnel,55.39,-4.0,08/11/20,73.76,73.0,40.0,8.05
2018964,Novobureyskiy,49.8,129.88,08/11/20,61.54,93.0,94.0,5.61
2122605,Okhotsk,59.38,143.3,08/11/20,54.46,93.0,100.0,16.4
2020208,Ulkan,57.24,107.32,08/11/20,61.59,63.0,97.0,1.77
324190,Alanya,36.54,32.0,08/11/20,82.4,74.0,40.0,5.82
2027806,Amazar,53.86,120.88,08/11/20,54.21,86.0,1.0,3.56
1791779,Wanning,18.8,110.4,08/11/20,83.23,86.0,97.0,11.79
513898,Otradnoye,59.78,30.82,08/11/20,56.37,67.0,90.0,11.18
3393536,Olinda,-8.01,-34.86,08/11/20,82.4,61.0,40.0,13.87
1728675,Balabac,7.99,117.06,08/11/20,82.4,81.0,100.0,7.23
4513583,Hamilton,39.18,-84.53,08/11/20,80.98,69.0,40.0,4.38
988698,Knysna,-34.04,23.05,08/11/20,55.4,71.0,75.0,10.29
1505438,Isil'kul',54.91,71.27,08/11/20,64.22,66.0,24.0,6.29
1062663,Mahajanga,-15.72,46.32,08/11/20,73.72,71.0,0.0,9.93
178443,Wajir,1.75,40.06,08/11/20,83.52,43.0,23.0,16.53
942701,Vrede,-27.43,29.17,08/11/20,51.13,39.0,0.0,5.5
3385077,Conde,-7.26,-34.91,08/11/20,82.4,69.0,75.0,17.22
4323900,Eunice,30.49,-92.42,08/11/20,88.57,62.0,1.0,4.7
3840092,Puerto Madryn,-42.77,-65.04,08/11/20,54.55,40.0,0.0,25.57
6067747,Matagami,49.75,-77.63,08/11/20,69.8,73.0,1.0,7.29
933211,Nokaneng,-19.67,22.27,08/11/20,72.54,20.0,0.0,4.65
6050066,La Ronge,55.1,-105.28,08/11/20,62.6,67.0,40.0,8.05
5044290,Saint Anthony,45.02,-93.22,08/11/20,79.59,44.0,1.0,8.05
96994,Dahuk,36.87,42.99,08/11/20,83.07,23.0,0.0,2.37
1519395,Serebryansk,49.69,83.29,08/11/20,69.8,73.0,90.0,6.71
489741,Spassk-Ryazanskiy,54.41,40.38,08/11/20,64.54,78.0,97.0,9.64
3453060,Pontes e Lacerda,-15.23,-59.34,08/11/20,98.35,22.0,20.0,4.63
1855476,Nichinan,31.6,131.37,08/11/20,80.01,94.0,79.0,4.38
2027196,Balakhninskiy,58.01,114.28,08/11/20,56.97,66.0,10.0,2.37
3146487,Raudeberg,61.99,5.14,08/11/20,66.72,42.0,100.0,8.05
1626542,Sorong,-0.88,131.25,08/11/20,78.84,87.0,97.0,10.0
100926,Umluj,25.02,37.27,08/11/20,88.09,48.0,0.0,10.36
1179790,Dinga,32.64,73.72,08/11/20,86.0,79.0,20.0,7.23
877588,Nanhyanga,-10.8,39.55,08/11/20,69.51,69.0,71.0,4.97
3838859,Río Gallegos,-51.62,-69.22,08/11/20,42.8,60.0,24.0,27.51
2156643,Mount Gambier,-37.83,140.77,08/11/20,50.0,93.0,99.0,12.75
1498920,Mezhdurechensk,53.69,88.06,08/11/20,63.43,81.0,19.0,2.82
2093685,Kokopo,-4.35,152.26,08/11/20,76.24,85.0,26.0,5.08
4686163,Dickinson,29.46,-95.05,08/11/20,90.79,52.0,1.0,8.05
3461425,Ilhabela,-23.78,-45.36,08/11/20,81.84,46.0,0.0,4.61
2111884,Miyako,39.64,141.95,08/11/20,75.18,80.0,15.0,5.41
4337291,Pineville,31.32,-92.43,08/11/20,90.09,62.0,1.0,6.93
305681,Kumluca,36.37,30.29,08/11/20,85.21,54.0,28.0,5.66
2158767,Mareeba,-17.0,145.43,08/11/20,69.8,77.0,90.0,1.39
1223738,Weligama,5.97,80.42,08/11/20,78.82,87.0,23.0,11.14
2409914,Bonthe,7.53,-12.51,08/11/20,76.53,86.0,100.0,12.55
5905393,Bonavista,48.65,-53.11,08/11/20,75.0,76.0,13.0,5.99
3372760,Praia da Vitória,38.73,-27.07,08/11/20,77.0,57.0,20.0,8.59
1633034,Liku,-0.73,119.89,08/11/20,76.33,82.0,88.0,3.09
2142316,Yeppoon,-23.13,150.73,08/11/20,50.0,87.0,0.0,2.42
2176639,Batemans Bay,-35.72,150.18,08/11/20,42.01,100.0,100.0,6.13
1272140,Dwārka,22.24,68.97,08/11/20,84.54,81.0,100.0,24.36
2136697,Lakatoro,-16.1,167.42,08/11/20,75.18,75.0,55.0,5.01
3351663,Benguela,-12.58,13.41,08/11/20,71.94,79.0,6.0,8.16
877998,Mbinga,-10.93,35.02,08/11/20,73.4,46.0,20.0,5.82
2394819,Cotonou,6.37,2.42,08/11/20,80.6,78.0,40.0,11.41
3157799,Farsund,58.09,6.8,08/11/20,71.01,74.0,19.0,5.99
934322,Mahébourg,-20.41,57.7,08/11/20,69.8,49.0,40.0,5.82
4924006,Muncie,40.19,-85.39,08/11/20,77.2,74.0,40.0,6.93
1262260,Nagapattinam,10.77,79.83,08/11/20,83.57,73.0,27.0,12.44
1056899,Sambava,-14.27,50.17,08/11/20,69.66,73.0,0.0,15.32
2654970,Brae,60.4,-1.35,08/11/20,62.6,82.0,95.0,13.87
3353383,Rundu,-17.93,19.77,08/11/20,73.29,20.0,0.0,4.05
1090397,Bandrele,-12.91,45.19,08/11/20,75.2,78.0,75.0,10.29
5554072,Juneau,58.3,-134.42,08/11/20,52.38,87.0,90.0,2.44
2027968,Aldan,58.6,125.39,08/11/20,54.34,70.0,59.0,7.4
196231,Isiolo,0.35,37.58,08/11/20,78.3,46.0,88.0,7.47
3386467,Terra Santa,-2.1,-56.49,08/11/20,98.49,31.0,7.0,5.28
5354943,Half Moon Bay,37.46,-122.43,08/11/20,65.1,72.0,40.0,5.82
3451124,Rio Negrinho,-26.25,-49.52,08/11/20,73.0,62.0,0.0,1.99
1510689,Baykit,61.67,96.37,08/11/20,64.63,57.0,4.0,1.99
2145554,Ulladulla,-35.35,150.47,08/11/20,44.85,100.0,100.0,7.07
5962442,Goderich,43.75,-81.72,08/11/20,72.64,84.0,93.0,5.01
3587498,Acajutla,13.59,-89.83,08/11/20,81.0,75.0,100.0,3.74
3356832,Henties Bay,-22.12,14.28,08/11/20,59.0,80.0,0.0,5.01
3131848,Vigeland,58.08,7.3,08/11/20,71.01,74.0,9.0,5.99
2091996,Madang,-5.22,145.8,08/11/20,77.85,90.0,52.0,2.06
719635,Jászszentandrás,47.58,20.18,08/11/20,75.52,73.0,45.0,4.7
3412093,Vestmannaeyjar,63.44,-20.27,08/11/20,51.8,100.0,90.0,16.11
3625346,Villa Bruzual,9.33,-69.12,08/11/20,83.91,84.0,70.0,1.68
1737486,Bintulu,3.17,113.03,08/11/20,78.4,88.0,40.0,4.7
2191562,Dunedin,-45.87,170.5,08/11/20,44.01,90.0,68.0,1.99
5563397,Eureka,40.8,-124.16,08/11/20,55.72,100.0,0.0,6.06
1628884,Sampit,-2.53,112.95,08/11/20,74.91,92.0,55.0,2.37
2022317,Khor,47.89,134.95,08/11/20,64.99,95.0,22.0,4.74
3459855,Joanópolis,-22.93,-46.28,08/11/20,82.58,21.0,40.0,5.82
1213855,Sibolga,1.74,98.78,08/11/20,79.65,80.0,100.0,2.75
4947607,Plymouth,41.83,-70.83,08/11/20,86.74,62.0,20.0,8.05
2037355,Fushun,41.86,123.92,08/11/20,77.0,88.0,3.0,4.47
4155017,Ferry Pass,30.51,-87.21,08/11/20,89.65,70.0,75.0,8.05
3676623,Leticia,-4.22,-69.94,08/11/20,88.72,70.0,40.0,4.7
3614835,Barra Patuca,15.8,-84.28,08/11/20,83.86,79.0,98.0,7.96
195298,Kajiado,-1.85,36.78,08/11/20,66.11,88.0,75.0,11.74
3420846,Qaqortoq,60.72,-46.03,08/11/20,44.6,70.0,75.0,5.82
